-- Inserts for USERS
INSERT INTO USERS (ID, USERNAME, EMAIL, PASSWORD_HASH, CREATED_AT) VALUES (1, 'alice', 'alice@example.com', 'hash1', '2023-01-01');
INSERT INTO USERS (ID, USERNAME, EMAIL, PASSWORD_HASH, CREATED_AT) VALUES (2, 'bob', 'bob@example.com', 'hash2', '2023-02-01');
INSERT INTO USERS (ID, USERNAME, EMAIL, PASSWORD_HASH, CREATED_AT) VALUES (3, 'carol', 'carol@example.com', 'hash3', '2023-03-01');
INSERT INTO USERS (ID, USERNAME, EMAIL, PASSWORD_HASH) VALUES (4, 'dan', 'dan@example.com', 'hash3');

-- Inserts for CATEGORIES
INSERT INTO CATEGORIES (ID, NAME, DESCRIPTION) VALUES (1, 'Books', 'Printed and electronic books');
INSERT INTO CATEGORIES (ID, NAME, DESCRIPTION) VALUES (2, 'Electronics', 'Phones, tablets, and accessories');
INSERT INTO CATEGORIES (ID, NAME, DESCRIPTION) VALUES (3, 'Clothing', 'Men and women apparel');

-- Inserts for ORDERS
INSERT INTO ORDERS (ID, USER_ID, ORDER_DATE, STATUS, TOTAL) VALUES (1, 1, '2023-04-15', 'Shipped', 45.98);
INSERT INTO ORDERS (ID, USER_ID, ORDER_DATE, STATUS, TOTAL) VALUES (2, 2, '2023-04-20', 'Delivered', 59.95);

-- Inserts for ADDRESSES
INSERT INTO ADDRESSES (ID, USER_ID, STREET, CITY, STATE, ZIP_CODE, COUNTRY) VALUES (1, 1, '123 Elm St', 'Springfield', 'CA', '95501', 'USA');
INSERT INTO ADDRESSES (ID, USER_ID, STREET, CITY, STATE, ZIP_CODE, COUNTRY) VALUES (2, 2, '456 Oak Ave', 'Arcata', 'CA', '95521', 'USA');
INSERT INTO ADDRESSES (ID, USER_ID, STREET, CITY, STATE, ZIP_CODE, COUNTRY) VALUES (3, 3, '789 Pine Rd', 'Eureka', 'CA', '95503', 'USA');

-- Inserts for PRODUCTS
INSERT INTO PRODUCTS (ID, NAME, DESCRIPTION, PRICE, CATEGORY_ID, STOCK) VALUES (1, 'Eloquent JavaScript', 'A book about JavaScript programming.', 25.99, 1, 50);
INSERT INTO PRODUCTS (ID, NAME, DESCRIPTION, PRICE, CATEGORY_ID, STOCK) VALUES (2, 'Wireless Mouse', 'Ergonomic Bluetooth mouse.', 19.99, 2, 200);
INSERT INTO PRODUCTS (ID, NAME, DESCRIPTION, PRICE, CATEGORY_ID, STOCK) VALUES (3, 'Denim Jacket', 'Classic fit denim jacket.', 59.95, 3, 100);

-- Inserts for ORDER_ITEMS
INSERT INTO ORDER_ITEMS (ID, ORDER_ID, PRODUCT_ID, QUANTITY, PRICE_EACH) VALUES (1, 1, 1, 1, 25.99);
INSERT INTO ORDER_ITEMS (ID, ORDER_ID, PRODUCT_ID, QUANTITY, PRICE_EACH) VALUES (2, 1, 2, 1, 19.99);
INSERT INTO ORDER_ITEMS (ID, ORDER_ID, PRODUCT_ID, QUANTITY, PRICE_EACH) VALUES (3, 2, 3, 1, 59.95);

-- Inserts for PRODUCT_REVIEWS
INSERT INTO PRODUCT_REVIEWS (ID, USER_ID, PRODUCT_ID, RATING, COMMENT, REVIEW_DATE) VALUES (1, 1, 1, 5, 'Excellent book for beginners!', '2023-04-16');
INSERT INTO PRODUCT_REVIEWS (ID, USER_ID, PRODUCT_ID, RATING, COMMENT, REVIEW_DATE) VALUES (2, 2, 2, 4, 'Good mouse, battery life could be better.', '2023-04-21');
INSERT INTO PRODUCT_REVIEWS (ID, USER_ID, PRODUCT_ID, RATING, COMMENT, REVIEW_DATE) VALUES (3, 3, 3, 5, 'Love the style and fit!', '2023-04-22');


